{
    "ip": "69.159.130.103",
    "version": "IPv4",
    "city": "Montreal",
    "region": "Quebec",
    "region_code": "QC",
    "country": "CANADA",
    "country_name": "Canada",
    "country_code": "CA",
    "country_code_iso3": "CAN",
    "country_capital": "Ottawa",
    "country_tld": ".ca",
    "continent_code": "NA",
    "in_eu": false,
    "postal": "H4N",
    "latitude": 45.5278,
    "longitude": -73.6684,
    "timezone": "America/Toronto",
    "utc_offset": "-0400",
    "country_calling_code": "+1",
    "currency": "CAD",
    "currency_name": "Dollar",
    "languages": "en-CA,fr-CA,iu",
    "country_area": 9984670.0,
    "country_population": 37058856.0,
    "asn": "AS577",
    "org": "BACOM"
}